,precision,recall,f1-score,support
circle,0.9206349206349206,0.8285714285714286,0.8721804511278196,70.0
good,0.9473684210526315,0.9818181818181818,0.9642857142857142,220.0
low_level,1.0,0.9880952380952381,0.9940119760479043,84.0
accuracy,0.9545454545454546,0.9545454545454546,0.9545454545454546,0.9545454545454546
macro avg,0.9560011138958506,0.9328282828282829,0.9434927138204793,374.0
weighted avg,0.9541858210588859,0.9545454545454546,0.9537232478872418,374.0
