,precision,recall,f1-score,support
circle,0.9090909090909091,0.8571428571428571,0.8823529411764706,70.0
good,0.9553571428571429,0.9727272727272728,0.963963963963964,220.0
low_level,1.0,1.0,1.0,84.0
accuracy,0.9572192513368984,0.9572192513368984,0.9572192513368984,0.9572192513368984
macro avg,0.9548160173160173,0.9432900432900433,0.9487723017134782,374.0
weighted avg,0.956724425307313,0.9572192513368984,0.9567828287551472,374.0
