,precision,recall,f1-score,support
circle,0.8269230769230769,0.6142857142857143,0.7049180327868853,70.0
crack,0.8699186991869918,0.9224137931034483,0.8953974895397491,116.0
displaced,0.9655172413793104,0.9849246231155779,0.9751243781094528,199.0
good,0.9605263157894737,1.0,0.9798657718120806,219.0
low_level,1.0,0.9761904761904762,0.9879518072289156,84.0
accuracy,0.940406976744186,0.940406976744186,0.940406976744186,0.940406976744186
macro avg,0.9245770666557706,0.8995629213390434,0.9086514958954167,688.0
weighted avg,0.9379191550620406,0.940406976744186,0.9372655205807391,688.0
