,precision,recall,f1-score,support
circle,1.0,0.9571428571428572,0.9781021897810218,70.0
good,0.9865470852017937,1.0,0.9932279909706546,220.0
low_level,1.0,1.0,1.0,84.0
accuracy,0.9919786096256684,0.9919786096256684,0.9919786096256684,0.9919786096256684
macro avg,0.9955156950672647,0.9857142857142858,0.9904433935838921,374.0
weighted avg,0.9920865207069375,0.9919786096256684,0.9919179446476352,374.0
