,precision,recall,f1-score,support
circle,1.0,0.8857142857142857,0.9393939393939393,70.0
crack,0.9568965517241379,0.9568965517241379,0.9568965517241379,116.0
displaced,0.9796954314720813,0.9698492462311558,0.9747474747474748,199.0
good,0.9521739130434783,1.0,0.9755011135857461,219.0
low_level,1.0,0.9880952380952381,0.9940119760479043,84.0
accuracy,0.9709302325581395,0.9709302325581395,0.9709302325581395,0.9709302325581395
macro avg,0.9777531792479394,0.9601110643529636,0.9681102110998406,688.0
weighted avg,0.9716358689236422,0.9709302325581395,0.9707326643831766,688.0
