,precision,recall,f1-score,support
circle,0.9850746268656716,0.9428571428571428,0.9635036496350364,70.0
good,0.9820627802690582,0.9954545454545455,0.9887133182844242,220.0
low_level,1.0,1.0,1.0,84.0
accuracy,0.9866310160427807,0.9866310160427807,0.9866310160427807,0.9866310160427807
macro avg,0.9890458023782432,0.9794372294372294,0.9840723226398201,374.0
weighted avg,0.9866551752400797,0.9866310160427807,0.9865299077460585,374.0
