,precision,recall,f1-score,support
circle,0.9577464788732394,0.9714285714285714,0.9645390070921985,70.0
good,0.9908675799086758,0.9863636363636363,0.9886104783599089,220.0
low_level,1.0,1.0,1.0,84.0
accuracy,0.9866310160427807,0.9866310160427807,0.9866310160427807,0.9866310160427807
macro avg,0.9828713529273051,0.985930735930736,0.9843831618173692,374.0
weighted avg,0.9867195751364584,0.9866310160427807,0.9866631971541012,374.0
