,precision,recall,f1-score,support
circle,0.9393939393939394,0.8857142857142857,0.9117647058823529,70.0
crack,0.9830508474576272,1.0,0.9914529914529915,116.0
displaced,0.9895833333333334,0.9547738693467337,0.9718670076726343,199.0
good,0.948051948051948,1.0,0.9733333333333333,219.0
low_level,1.0,0.9642857142857143,0.9818181818181818,84.0
accuracy,0.9709302325581395,0.9709302325581395,0.9709302325581395,0.9709302325581395
macro avg,0.9720160136473697,0.9609547738693467,0.9660472440318987,688.0
weighted avg,0.9714272296793175,0.9709302325581395,0.970735956714961,688.0
