,precision,recall,f1-score,support
circle,0.7962962962962963,0.6142857142857143,0.6935483870967742,70.0
crack,0.9122807017543859,0.896551724137931,0.9043478260869565,116.0
displaced,0.9702970297029703,0.9849246231155779,0.9775561097256857,199.0
good,0.9234042553191489,0.9908675799086758,0.9559471365638766,219.0
low_level,1.0,0.9880952380952381,0.9940119760479043,84.0
accuracy,0.934593023255814,0.934593023255814,0.934593023255814,0.934593023255814
macro avg,0.9204556566145602,0.8949449759086274,0.9050822871042395,688.0
weighted avg,0.9315115450145847,0.934593023255814,0.9314474268223626,688.0
