,precision,recall,f1-score,support
circle,0.7954545454545454,0.5,0.6140350877192983,70.0
crack,0.8688524590163934,0.9137931034482759,0.8907563025210085,116.0
displaced,0.9748743718592965,0.9748743718592965,0.9748743718592965,199.0
good,0.8930041152263375,0.9908675799086758,0.9393939393939394,219.0
low_level,1.0,0.9523809523809523,0.975609756097561,84.0
accuracy,0.9186046511627907,0.9186046511627907,0.9186046511627907,0.9186046511627907
macro avg,0.9064370983113145,0.8663832015194401,0.8789338915182207,688.0
weighted avg,0.9157508788696042,0.9186046511627907,0.9127742434189764,688.0
