,precision,recall,f1-score,support
circle,0.967741935483871,0.8571428571428571,0.909090909090909,70.0
good,0.956140350877193,0.990909090909091,0.9732142857142858,220.0
low_level,1.0,1.0,1.0,84.0
accuracy,0.9679144385026738,0.9679144385026738,0.9679144385026738,0.9679144385026738
macro avg,0.9746274287870214,0.9493506493506493,0.9607683982683982,374.0
weighted avg,0.9681626007402498,0.9679144385026738,0.9672286269879853,374.0
