,precision,recall,f1-score,support
circle,0.9365079365079365,0.8428571428571429,0.887218045112782,70.0
good,0.9519650655021834,0.990909090909091,0.9710467706013364,220.0
low_level,1.0,0.9761904761904762,0.9879518072289156,84.0
accuracy,0.9598930481283422,0.9598930481283422,0.9598930481283422,0.9598930481283422
macro avg,0.9628243340033733,0.9366522366522366,0.9487388743143447,374.0
weighted avg,0.959860614882449,0.9598930481283422,0.9591537553406889,374.0
