,precision,recall,f1-score,support
circle,0.8305084745762712,0.7,0.7596899224806201,70.0
crack,0.8852459016393442,0.9310344827586207,0.9075630252100839,116.0
displaced,0.9948453608247423,0.9698492462311558,0.9821882951653944,199.0
good,0.948051948051948,1.0,0.9733333333333333,219.0
low_level,1.0,0.9761904761904762,0.9879518072289156,84.0
accuracy,0.9462209302325582,0.9462209302325582,0.9462209302325582,0.9462209302325582
macro avg,0.9317303370184611,0.9154148410360505,0.9221452766836695,688.0
weighted avg,0.9453804087761675,0.9462209302325582,0.944853238434819,688.0
