,precision,recall,f1-score,support
circle,0.9104477611940298,0.8714285714285714,0.8905109489051095,70.0
good,0.9598214285714286,0.9772727272727273,0.9684684684684685,220.0
low_level,1.0,0.9880952380952381,0.9940119760479043,84.0
accuracy,0.9598930481283422,0.9598930481283422,0.9598930481283422,0.9598930481283422
macro avg,0.9567563965884861,0.9455988455988455,0.9509971311404941,374.0
weighted avg,0.9596044320034663,0.9598930481283422,0.95961453335413,374.0
