,precision,recall,f1-score,support
circle,0.7678571428571429,0.6142857142857143,0.6825396825396827,70.0
crack,0.905982905982906,0.9137931034482759,0.9098712446351932,116.0
displaced,0.9698492462311558,0.9698492462311558,0.9698492462311558,199.0
good,0.927038626609442,0.9863013698630136,0.9557522123893805,219.0
low_level,1.0,0.9880952380952381,0.9940119760479043,84.0
accuracy,0.9316860465116279,0.9316860465116279,0.9316860465116279,0.9316860465116279
macro avg,0.9141455843361292,0.8944649343846794,0.9024048723686633,688.0
weighted avg,0.928583541164949,0.9316860465116279,0.9289674166522651,688.0
