,precision,recall,f1-score,support
circle,0.8923076923076924,0.8285714285714286,0.8592592592592593,70.0
crack,0.9565217391304348,0.9482758620689655,0.9523809523809523,116.0
displaced,0.9658536585365853,0.9949748743718593,0.9801980198019801,199.0
good,0.9908675799086758,0.9908675799086758,0.9908675799086758,219.0
low_level,1.0,1.0,1.0,84.0
accuracy,0.9694767441860465,0.9694767441860465,0.9694767441860465,0.9694767441860465
macro avg,0.9611101339766777,0.9525379489841859,0.9565411622701735,688.0
weighted avg,0.9689286893160601,0.9694767441860465,0.9690170705885649,688.0
