,precision,recall,f1-score,support
circle,0.9516129032258065,0.8428571428571429,0.8939393939393939,70.0
good,0.9521739130434783,0.9954545454545455,0.9733333333333334,220.0
low_level,1.0,0.9761904761904762,0.9879518072289156,84.0
accuracy,0.9625668449197861,0.9625668449197861,0.9625668449197861,0.9625668449197861
macro avg,0.9679289387564283,0.9381673881673881,0.9517415115005475,374.0
weighted avg,0.9628105991854857,0.9625668449197861,0.9617567987067376,374.0
