,precision,recall,f1-score,support
circle,0.9661016949152542,0.8142857142857143,0.8837209302325583,70.0
good,0.9439655172413793,0.9954545454545455,0.9690265486725664,220.0
low_level,1.0,0.9880952380952381,0.9940119760479043,84.0
accuracy,0.9598930481283422,0.9598930481283422,0.9598930481283422,0.9598930481283422
macro avg,0.9700224040522111,0.9326118326118326,0.9489198183176764,374.0
weighted avg,0.960693936997784,0.9598930481283422,0.9586719567172931,374.0
