,precision,recall,f1-score,support
circle,0.9545454545454546,0.9,0.9264705882352942,70.0
good,0.968609865470852,0.9818181818181818,0.9751693002257336,220.0
low_level,0.9882352941176471,1.0,0.9940828402366864,84.0
accuracy,0.9705882352941176,0.9705882352941176,0.9705882352941176,0.9705882352941176
macro avg,0.9704635380446512,0.9606060606060606,0.9652409095659046,374.0
weighted avg,0.9703853393787476,0.9705882352941176,0.9703025288930844,374.0
