,precision,recall,f1-score,support
circle,0.7894736842105263,0.6428571428571429,0.7086614173228346,70.0
crack,0.9224137931034483,0.9224137931034483,0.9224137931034483,116.0
displaced,0.9609756097560975,0.9899497487437185,0.9752475247524752,199.0
good,0.933920704845815,0.9680365296803652,0.9506726457399104,219.0
low_level,1.0,0.9880952380952381,0.9940119760479043,84.0
accuracy,0.936046511627907,0.936046511627907,0.936046511627907,0.936046511627907
macro avg,0.9213567583831775,0.9022704904959825,0.9102014713933146,688.0
weighted avg,0.9331772363334793,0.936046511627907,0.9336844070398332,688.0
