,precision,recall,f1-score,support
circle,0.8235294117647058,0.6,0.6942148760330579,70.0
crack,0.8780487804878049,0.9310344827586207,0.903765690376569,116.0
displaced,0.9796954314720813,0.9698492462311558,0.9747474747474748,199.0
good,0.9230769230769231,0.9863013698630136,0.9536423841059603,219.0
low_level,1.0,0.9880952380952381,0.9940119760479043,84.0
accuracy,0.9331395348837209,0.9331395348837209,0.9331395348837209,0.9331395348837209
macro avg,0.9208701093603031,0.8950560673896056,0.9040764802621932,688.0
weighted avg,0.931124933687362,0.9331395348837209,0.9298710712034488,688.0
