,precision,recall,f1-score,support
circle,0.8955223880597015,0.8571428571428571,0.8759124087591241,70.0
crack,0.9823008849557522,0.9568965517241379,0.9694323144104803,116.0
displaced,0.9794871794871794,0.9597989949748744,0.9695431472081218,199.0
good,0.948051948051948,1.0,0.9733333333333333,219.0
low_level,1.0,0.9761904761904762,0.9879518072289156,84.0
accuracy,0.9636627906976745,0.9636627906976745,0.9636627906976745,0.9636627906976745
macro avg,0.9610724801109163,0.9500057760064692,0.955234602187995,688.0
weighted avg,0.9639168534307728,0.9636627906976745,0.963452115096511,688.0
