,precision,recall,f1-score,support
circle,1.0,0.9857142857142858,0.9928057553956835,70.0
crack,1.0,0.9913793103448276,0.9956709956709957,116.0
displaced,1.0,0.9597989949748744,0.9794871794871796,199.0
good,0.9521739130434783,1.0,0.9755011135857461,219.0
low_level,1.0,0.9880952380952381,0.9940119760479043,84.0
accuracy,0.9840116279069767,0.9840116279069767,0.9840116279069767,0.9840116279069767
macro avg,0.9904347826086957,0.9849975658258451,0.9874954040375019,688.0
weighted avg,0.984776289180991,0.9840116279069767,0.9840754897627682,688.0
