,precision,recall,f1-score,support
circle,1.0,0.9714285714285714,0.9855072463768115,70.0
crack,0.9830508474576272,1.0,0.9914529914529915,116.0
displaced,0.9947916666666666,0.9597989949748744,0.9769820971867007,199.0
good,0.9690265486725663,1.0,0.9842696629213482,219.0
low_level,1.0,1.0,1.0,84.0
accuracy,0.9854651162790697,0.9854651162790697,0.9854651162790697,0.9854651162790697
macro avg,0.9893738125593721,0.9862455132806891,0.9876423995875705,688.0
weighted avg,0.9857765321672143,0.9854651162790697,0.9854194008355416,688.0
