,precision,recall,f1-score,support
circle,1.0,1.0,1.0,70.0
crack,1.0,1.0,1.0,116.0
displaced,0.9949238578680203,0.9849246231155779,0.9898989898989898,199.0
good,0.9864253393665159,0.9954337899543378,0.990909090909091,219.0
low_level,1.0,1.0,1.0,84.0
accuracy,0.9941860465116279,0.9941860465116279,0.9941860465116279,0.9941860465116279
macro avg,0.9962698394469072,0.9960716826139832,0.9961616161616161,688.0
weighted avg,0.9942107515072718,0.9941860465116279,0.994184578341555,688.0
