,precision,recall,f1-score,support
circle,1.0,0.9714285714285714,0.9855072463768115,70.0
good,0.990990990990991,1.0,0.9954751131221719,220.0
low_level,1.0,1.0,1.0,84.0
accuracy,0.9946524064171123,0.9946524064171123,0.9946524064171123,0.9946524064171123
macro avg,0.9969969969969971,0.9904761904761905,0.9936607864996612,374.0
weighted avg,0.9947005829358769,0.9946524064171123,0.9946257543669911,374.0
