,precision,recall,f1-score,support
circle,0.8269230769230769,0.6142857142857143,0.7049180327868853,70.0
crack,0.8629032258064516,0.9224137931034483,0.8916666666666667,116.0
displaced,0.9655172413793104,0.9849246231155779,0.9751243781094528,199.0
good,0.9647577092511013,1.0,0.9820627802690582,219.0
low_level,1.0,0.9761904761904762,0.9879518072289156,84.0
accuracy,0.940406976744186,0.940406976744186,0.940406976744186,0.940406976744186
macro avg,0.924020250671988,0.8995629213390434,0.9083447330121958,688.0
weighted avg,0.9380832252015083,0.940406976744186,0.9373358249394609,688.0
