,precision,recall,f1-score,support
circle,1.0,1.0,1.0,70.0
good,0.995475113122172,1.0,0.9977324263038548,220.0
low_level,1.0,0.9880952380952381,0.9940119760479043,84.0
accuracy,0.9973262032085561,0.9973262032085561,0.9973262032085561,0.9973262032085561
macro avg,0.9984917043740573,0.996031746031746,0.9972481341172531,374.0
weighted avg,0.9973383018365718,0.9973262032085561,0.9973212293445776,374.0
