,precision,recall,f1-score,support
circle,0.9830508474576272,0.8285714285714286,0.8992248062015504,70.0
good,0.9482758620689655,1.0,0.9734513274336283,220.0
low_level,1.0,0.9880952380952381,0.9940119760479043,84.0
accuracy,0.9652406417112299,0.9652406417112299,0.9652406417112299,0.9652406417112299
macro avg,0.9771089031755308,0.938888888888889,0.9555627032276943,374.0
weighted avg,0.966401735233172,0.9652406417112299,0.9641765627206703,374.0
