,precision,recall,f1-score,support
circle,0.9242424242424242,0.8714285714285714,0.8970588235294117,70.0
crack,0.9736842105263158,0.9568965517241379,0.9652173913043478,116.0
displaced,0.9798994974874372,0.9798994974874372,0.9798994974874372,199.0
good,0.9733333333333334,1.0,0.9864864864864865,219.0
low_level,1.0,1.0,1.0,84.0
accuracy,0.9738372093023255,0.9738372093023255,0.9738372093023255,0.9738372093023255
macro avg,0.9702318931179021,0.9616449241280293,0.9657324397615366,688.0
weighted avg,0.9735528170320091,0.9738372093023255,0.9735463307832902,688.0
