,precision,recall,f1-score,support
circle,0.9491525423728814,0.8,0.8682170542635659,70.0
good,0.9396551724137931,0.990909090909091,0.9646017699115045,220.0
low_level,1.0,0.9880952380952381,0.9940119760479043,84.0
accuracy,0.9545454545454546,0.9545454545454546,0.9545454545454546,0.9545454545454546
macro avg,0.9629359049288916,0.9263347763347763,0.9422769334076583,374.0
weighted avg,0.9549861387623964,0.9545454545454546,0.953167350713916,374.0
