,precision,recall,f1-score,support
circle,0.9855072463768116,0.9714285714285714,0.9784172661870504,70.0
good,0.9909502262443439,0.9954545454545455,0.9931972789115646,220.0
low_level,1.0,1.0,1.0,84.0
accuracy,0.9919786096256684,0.9919786096256684,0.9919786096256684,0.9919786096256684
macro avg,0.9921524908737185,0.9889610389610389,0.9905381816995383,374.0
weighted avg,0.9919640562035626,0.9919786096256684,0.9919588502503683,374.0
