,precision,recall,f1-score,support
circle,0.746268656716418,0.7142857142857143,0.7299270072992701,70.0
crack,0.9304347826086956,0.9224137931034483,0.9264069264069263,116.0
displaced,0.9798994974874372,0.9798994974874372,0.9798994974874372,199.0
good,0.9375,0.958904109589041,0.9480812641083523,219.0
low_level,1.0,0.9880952380952381,0.9940119760479043,84.0
accuracy,0.9375,0.9375,0.9375,0.9375
macro avg,0.9188205873625102,0.9127196705121758,0.915665334269978,688.0
weighted avg,0.9367467162104041,0.9375,0.9370420011655602,688.0
