,precision,recall,f1-score,support
circle,0.8947368421052632,0.9714285714285714,0.9315068493150684,70.0
good,0.9906542056074766,0.9636363636363636,0.9769585253456221,220.0
low_level,1.0,1.0,1.0,84.0
accuracy,0.9732620320855615,0.9732620320855615,0.9732620320855615,0.9732620320855615
macro avg,0.9617970159042466,0.9783549783549783,0.9694884582202302,374.0
weighted avg,0.9748008133182173,0.9732620320855615,0.9736266177221702,374.0
