,precision,recall,f1-score,support
circle,0.8846153846153846,0.6571428571428571,0.7540983606557377,70.0
crack,0.9024390243902439,0.9568965517241379,0.9288702928870294,116.0
displaced,0.98,0.9849246231155779,0.9824561403508771,199.0
good,0.9434782608695652,0.9908675799086758,0.9665924276169265,219.0
low_level,1.0,0.9880952380952381,0.9940119760479043,84.0
accuracy,0.9491279069767442,0.9491279069767442,0.9491279069767442,0.9491279069767442
macro avg,0.9421065339750389,0.9155853699972972,0.9252058395116951,688.0
weighted avg,0.9480345100040407,0.9491279069767442,0.9465484866086518,688.0
