,precision,recall,f1-score,support
circle,0.8958333333333334,0.6142857142857143,0.7288135593220338,70.0
crack,0.925,0.9568965517241379,0.9406779661016949,116.0
displaced,0.9701492537313433,0.9798994974874372,0.975,199.0
good,0.9276595744680851,0.9954337899543378,0.960352422907489,219.0
low_level,1.0,1.0,1.0,84.0
accuracy,0.9462209302325582,0.9462209302325582,0.9462209302325582,0.9462209302325582
macro avg,0.9437284323065522,0.9093031106903254,0.9209687896662435,688.0
weighted avg,0.9450951767941588,0.9462209302325582,0.9425549038329638,688.0
