,precision,recall,f1-score,support
circle,1.0,1.0,1.0,70.0
crack,1.0,1.0,1.0,116.0
displaced,1.0,0.9899497487437185,0.9949494949494949,199.0
good,0.9909502262443439,1.0,0.9954545454545455,219.0
low_level,1.0,1.0,1.0,84.0
accuracy,0.997093023255814,0.997093023255814,0.997093023255814,0.997093023255814
macro avg,0.9981900452488688,0.9979899497487438,0.9980808080808081,688.0
weighted avg,0.9971193307376619,0.997093023255814,0.9970922891707774,688.0
