,precision,recall,f1-score,support
circle,0.9,0.7714285714285715,0.8307692307692307,70.0
good,0.9310344827586207,0.9818181818181818,0.9557522123893805,220.0
low_level,1.0,0.9761904761904762,0.9879518072289156,84.0
accuracy,0.9411764705882353,0.9411764705882353,0.9411764705882353,0.9411764705882353
macro avg,0.9436781609195402,0.9098124098124099,0.9248244167958423,374.0
weighted avg,0.9407154711414345,0.9411764705882353,0.9395916702853978,374.0
