,precision,recall,f1-score,support
circle,0.890625,0.8142857142857143,0.8507462686567163,70.0
good,0.9434782608695652,0.9863636363636363,0.9644444444444443,220.0
low_level,1.0,0.9523809523809523,0.975609756097561,84.0
accuracy,0.946524064171123,0.946524064171123,0.946524064171123,0.946524064171123
macro avg,0.9447010869565218,0.9176767676767676,0.9302668230662405,374.0
weighted avg,0.9462806614740759,0.946524064171123,0.9456717542672273,374.0
