,precision,recall,f1-score,support
circle,0.8431372549019608,0.6142857142857143,0.7107438016528925,70.0
crack,0.9380530973451328,0.9137931034482759,0.925764192139738,116.0
displaced,0.9698492462311558,0.9698492462311558,0.9698492462311558,199.0
good,0.9049586776859504,1.0,0.9501084598698482,219.0
low_level,1.0,0.9880952380952381,0.9940119760479043,84.0
accuracy,0.936046511627907,0.936046511627907,0.936046511627907,0.936046511627907
macro avg,0.9311996552328399,0.8972046604120768,0.9100955351883077,688.0
weighted avg,0.9346216824831334,0.936046511627907,0.9327201614875475,688.0
