,precision,recall,f1-score,support
circle,0.7592592592592593,0.5857142857142857,0.6612903225806452,70.0
crack,0.8974358974358975,0.9051724137931034,0.9012875536480686,116.0
displaced,0.9653465346534653,0.9798994974874372,0.972568578553616,199.0
good,0.9264069264069265,0.9771689497716894,0.9511111111111111,219.0
low_level,1.0,1.0,1.0,84.0
accuracy,0.9287790697674418,0.9287790697674418,0.9287790697674418,0.9287790697674418
macro avg,0.9096897235511097,0.8895910293533031,0.8972515131786881,688.0
weighted avg,0.9247642289678324,0.9287790697674418,0.925398487310064,688.0
