,precision,recall,f1-score,support
circle,0.9166666666666666,0.9428571428571428,0.9295774647887323,70.0
good,0.9819819819819819,0.990909090909091,0.9864253393665158,220.0
low_level,1.0,0.9523809523809523,0.975609756097561,84.0
accuracy,0.9732620320855615,0.9732620320855615,0.9732620320855615,0.9732620320855615
macro avg,0.9662162162162162,0.9620490620490619,0.9638708534176029,374.0
weighted avg,0.973804017921665,0.9732620320855615,0.9733561944065237,374.0
