,precision,recall,f1-score,support
circle,0.9464285714285714,0.7571428571428571,0.8412698412698413,70.0
good,0.9273504273504274,0.9863636363636363,0.9559471365638768,220.0
low_level,1.0,1.0,1.0,84.0
accuracy,0.946524064171123,0.946524064171123,0.946524064171123,0.946524064171123
macro avg,0.9579263329263329,0.9145021645021645,0.9324056592779061,374.0
weighted avg,0.9472382192970428,0.946524064171123,0.9443776976816626,374.0
