,precision,recall,f1-score,support
circle,0.8125,0.5571428571428572,0.6610169491525424,70.0
crack,0.9145299145299145,0.9224137931034483,0.9184549356223175,116.0
displaced,0.9701492537313433,0.9798994974874372,0.975,199.0
good,0.907563025210084,0.9863013698630136,0.9452954048140043,219.0
low_level,1.0,1.0,1.0,84.0
accuracy,0.9316860465116279,0.9316860465116279,0.9316860465116279,0.9316860465116279
macro avg,0.9209484386942683,0.8891515035193512,0.8999534579177728,688.0
weighted avg,0.9284541774694997,0.9316860465116279,0.9271172276557176,688.0
