,precision,recall,f1-score,support
circle,0.8333333333333334,0.5,0.625,70.0
crack,0.872,0.9396551724137931,0.9045643153526971,116.0
displaced,0.9609756097560975,0.9899497487437185,0.9752475247524752,199.0
good,0.9224137931034483,0.9771689497716894,0.9490022172949002,219.0
low_level,1.0,1.0,1.0,84.0
accuracy,0.9287790697674418,0.9287790697674418,0.9287790697674418,0.9287790697674418
macro avg,0.9177445472385759,0.8813547741858402,0.8907628114800146,688.0
weighted avg,0.9254768900646102,0.9287790697674418,0.9223622145265093,688.0
