,precision,recall,f1-score,support
circle,0.7551020408163265,0.5285714285714286,0.6218487394957983,70.0
crack,0.8770491803278688,0.9224137931034483,0.8991596638655462,116.0
displaced,0.97,0.9748743718592965,0.9724310776942355,199.0
good,0.905982905982906,0.9680365296803652,0.9359823399558498,219.0
low_level,1.0,0.9880952380952381,0.9940119760479043,84.0
accuracy,0.9200581395348837,0.9200581395348837,0.9200581395348837,0.9200581395348837
macro avg,0.9016268254254204,0.8763982722619554,0.8846867594118667,688.0
weighted avg,0.9157486979439421,0.9200581395348837,0.9154401971985714,688.0
