,precision,recall,f1-score,support
circle,1.0,0.9857142857142858,0.9928057553956835,70.0
good,0.995475113122172,1.0,0.9977324263038548,220.0
low_level,1.0,1.0,1.0,84.0
accuracy,0.9973262032085561,0.9973262032085561,0.9973262032085561,0.9973262032085561
macro avg,0.9984917043740573,0.9952380952380953,0.9968460605665128,374.0
weighted avg,0.9973383018365718,0.9973262032085561,0.9973196167501228,374.0
