,precision,recall,f1-score,support
circle,0.8591549295774648,0.8714285714285714,0.8652482269503546,70.0
good,0.9590909090909091,0.9590909090909091,0.9590909090909091,220.0
low_level,1.0,0.9880952380952381,0.9940119760479043,84.0
accuracy,0.9491978609625669,0.9491978609625669,0.9491978609625669,0.9491978609625669
macro avg,0.9394152795561247,0.9395382395382396,0.9394503706963894,374.0
weighted avg,0.9495744520599533,0.9491978609625669,0.9493700050121624,374.0
