,precision,recall,f1-score,support
circle,0.9672131147540983,0.8428571428571429,0.9007633587786259,70.0
good,0.9521739130434783,0.9954545454545455,0.9733333333333334,220.0
low_level,1.0,0.9880952380952381,0.9940119760479043,84.0
accuracy,0.9652406417112299,0.9652406417112299,0.9652406417112299,0.9652406417112299
macro avg,0.9731290092658589,0.9421356421356423,0.9560362227199546,374.0
weighted avg,0.9657304248725992,0.9652406417112299,0.9643951188124629,374.0
