,precision,recall,f1-score,support
circle,0.9692307692307692,0.9,0.9333333333333333,70.0
crack,0.9663865546218487,0.9913793103448276,0.9787234042553192,116.0
displaced,0.9707317073170731,1.0,0.9851485148514851,199.0
good,0.9953488372093023,0.9771689497716894,0.9861751152073732,219.0
low_level,1.0,1.0,1.0,84.0
accuracy,0.9811046511627907,0.9811046511627907,0.9811046511627907,0.9811046511627907
macro avg,0.9803395736757988,0.9737096520233035,0.9766760735295023,688.0
weighted avg,0.9812558129174754,0.9811046511627907,0.980933361791876,688.0
