,precision,recall,f1-score,support
circle,0.9649122807017544,0.7857142857142857,0.8661417322834646,70.0
good,0.9279661016949152,0.9954545454545455,0.9605263157894737,220.0
low_level,1.0,0.9642857142857143,0.9818181818181818,84.0
accuracy,0.9491978609625669,0.9491978609625669,0.9491978609625669,0.9491978609625669
macro avg,0.9642927941322231,0.9151515151515152,0.9361620766303734,374.0
weighted avg,0.9510598984545566,0.9491978609625669,0.9476428823696633,374.0
