,precision,recall,f1-score,support
circle,0.8870967741935484,0.7857142857142857,0.8333333333333333,70.0
crack,0.9024390243902439,0.9568965517241379,0.9288702928870294,116.0
displaced,0.9948717948717949,0.9748743718592965,0.9847715736040609,199.0
good,0.9688888888888889,0.9954337899543378,0.9819819819819819,219.0
low_level,1.0,0.9880952380952381,0.9940119760479043,84.0
accuracy,0.9607558139534884,0.9607558139534884,0.9607558139534884,0.9607558139534884
macro avg,0.9506592964688952,0.9402028474694593,0.944593831570862,688.0
weighted avg,0.9606771146351317,0.9607558139534884,0.9601786199091786,688.0
