,precision,recall,f1-score,support
circle,0.7457627118644068,0.6285714285714286,0.6821705426356589,70.0
crack,0.9310344827586207,0.9310344827586207,0.9310344827586207,116.0
displaced,0.9655172413793104,0.9849246231155779,0.9751243781094528,199.0
good,0.9427312775330396,0.9771689497716894,0.9596412556053812,219.0
low_level,1.0,0.9880952380952381,0.9940119760479043,84.0
accuracy,0.9375,0.9375,0.9375,0.9375
macro avg,0.9170091427070755,0.901958944462511,0.9083965270314035,688.0
weighted avg,0.9343015561696613,0.9375,0.935261817142267,688.0
