,precision,recall,f1-score,support
circle,0.7454545454545455,0.5857142857142857,0.656,70.0
crack,0.84375,0.9310344827586207,0.8852459016393444,116.0
displaced,0.97,0.9748743718592965,0.9724310776942355,199.0
good,0.9461883408071748,0.9634703196347032,0.9547511312217195,219.0
low_level,1.0,0.9761904761904762,0.9879518072289156,84.0
accuracy,0.9244186046511628,0.9244186046511628,0.9244186046511628,0.9244186046511628
macro avg,0.9010785772523441,0.8862567872314765,0.891275983556843,688.0
weighted avg,0.921950675608415,0.9244186046511628,0.9218034281920092,688.0
