,precision,recall,f1-score,support
circle,0.8780487804878049,0.5142857142857142,0.6486486486486487,70.0
crack,0.8538461538461538,0.9568965517241379,0.9024390243902438,116.0
displaced,0.9655172413793104,0.9849246231155779,0.9751243781094528,199.0
good,0.9391304347826087,0.9863013698630136,0.9621380846325168,219.0
low_level,1.0,1.0,1.0,84.0
accuracy,0.934593023255814,0.934593023255814,0.934593023255814,0.934593023255814
macro avg,0.9273085220991757,0.8884816517976887,0.8976700271561725,688.0
weighted avg,0.933600384785137,0.934593023255814,0.9285557035072325,688.0
