,precision,recall,f1-score,support
circle,0.9852941176470589,0.9571428571428572,0.9710144927536232,70.0
good,0.9864864864864865,0.9954545454545455,0.9909502262443439,220.0
low_level,1.0,1.0,1.0,84.0
accuracy,0.9893048128342246,0.9893048128342246,0.9893048128342246,0.9893048128342246
macro avg,0.9905935347111817,0.9841991341991342,0.9873215729993223,374.0
weighted avg,0.9892984365302704,0.9893048128342246,0.9892515087339822,374.0
