,precision,recall,f1-score,support
circle,1.0,0.9857142857142858,0.9928057553956835,70.0
good,0.990990990990991,1.0,0.9954751131221719,220.0
low_level,1.0,0.9880952380952381,0.9940119760479043,84.0
accuracy,0.9946524064171123,0.9946524064171123,0.9946524064171123,0.9946524064171123
macro avg,0.9969969969969971,0.9912698412698413,0.9940976148552533,374.0
weighted avg,0.9947005829358769,0.9946524064171123,0.9946468816914428,374.0
