,precision,recall,f1-score,support
circle,0.8,0.5714285714285714,0.6666666666666666,70.0
crack,0.8852459016393442,0.9310344827586207,0.9075630252100839,116.0
displaced,0.9605911330049262,0.9798994974874372,0.9701492537313434,199.0
good,0.9307359307359307,0.9817351598173516,0.9555555555555557,219.0
low_level,1.0,0.9761904761904762,0.9879518072289156,84.0
accuracy,0.9302325581395349,0.9302325581395349,0.9302325581395349,0.9302325581395349
macro avg,0.9153145930760402,0.8880576375364914,0.897577261678513,688.0
weighted avg,0.9268565826879549,0.9302325581395349,0.9262475255195777,688.0
