,precision,recall,f1-score,support
circle,0.9859154929577465,1.0,0.9929078014184397,70.0
crack,1.0,1.0,1.0,116.0
displaced,1.0,0.964824120603015,0.9820971867007673,199.0
good,0.9733333333333334,1.0,0.9864864864864865,219.0
low_level,1.0,1.0,1.0,84.0
accuracy,0.9898255813953488,0.9898255813953488,0.9898255813953488,0.9898255813953488
macro avg,0.9918497652582159,0.9929648241206029,0.9922982949211387,688.0
weighted avg,0.9900786112020963,0.9898255813953488,0.9897985854553546,688.0
