,precision,recall,f1-score,support
circle,0.7142857142857143,0.6428571428571429,0.6766917293233083,70.0
crack,0.8813559322033898,0.896551724137931,0.888888888888889,116.0
displaced,0.965,0.9698492462311558,0.9674185463659147,199.0
good,0.9377777777777778,0.9634703196347032,0.9504504504504505,219.0
low_level,1.0,0.9761904761904762,0.9879518072289156,84.0
accuracy,0.9229651162790697,0.9229651162790697,0.9229651162790697,0.9229651162790697
macro avg,0.8996838848533762,0.8897837818102818,0.8942802844514957,688.0
weighted avg,0.920996542832742,0.9229651162790697,0.921704103701217,688.0
