,precision,recall,f1-score,support
circle,0.676056338028169,0.6857142857142857,0.6808510638297872,70.0
crack,0.918918918918919,0.8793103448275862,0.8986784140969163,116.0
displaced,0.9558823529411765,0.9798994974874372,0.967741935483871,199.0
good,0.954337899543379,0.954337899543379,0.954337899543379,219.0
low_level,1.0,0.9880952380952381,0.9940119760479043,84.0
accuracy,0.9258720930232558,0.9258720930232558,0.9258720930232558,0.9258720930232558
macro avg,0.9010391018863289,0.8974714531335852,0.8991242578003715,688.0
weighted avg,0.9260743117614253,0.9258720930232558,0.925848723332328,688.0
