,precision,recall,f1-score,support
circle,0.9056603773584906,0.6857142857142857,0.7804878048780488,70.0
good,0.907563025210084,0.9818181818181818,0.9432314410480349,220.0
low_level,1.0,0.9880952380952381,0.9940119760479043,84.0
accuracy,0.9278074866310161,0.9278074866310161,0.9278074866310161,0.9278074866310161
macro avg,0.9377411341895249,0.8852092352092352,0.9059104073246628,374.0
weighted avg,0.9279681603243658,0.9278074866310161,0.9241766560429279,374.0
