,precision,recall,f1-score,support
circle,0.9384615384615385,0.8714285714285714,0.9037037037037037,70.0
good,0.96,0.9818181818181818,0.9707865168539325,220.0
low_level,1.0,1.0,1.0,84.0
accuracy,0.9652406417112299,0.9652406417112299,0.9652406417112299,0.9652406417112299
macro avg,0.9661538461538463,0.9510822510822511,0.9581634068525453,374.0
weighted avg,0.964952694364459,0.9652406417112299,0.9647922271848245,374.0
