,precision,recall,f1-score,support
circle,0.896551724137931,0.7428571428571429,0.8125,70.0
good,0.9230769230769231,0.9818181818181818,0.9515418502202644,220.0
low_level,1.0,0.9761904761904762,0.9879518072289156,84.0
accuracy,0.9358288770053476,0.9358288770053476,0.9358288770053476,0.9358288770053476
macro avg,0.9398762157382846,0.9002886002886004,0.9173312191497267,374.0
weighted avg,0.9353891544560916,0.9358288770053476,0.933695611913602,374.0
