,precision,recall,f1-score,support
circle,0.8970588235294118,0.8714285714285714,0.8840579710144928,70.0
good,0.9596412556053812,0.9727272727272728,0.9661399548532731,220.0
low_level,1.0,0.9880952380952381,0.9940119760479043,84.0
accuracy,0.9572192513368984,0.9572192513368984,0.9572192513368984,0.9572192513368984
macro avg,0.9522333597115976,0.9440836940836941,0.9480699673052234,374.0
weighted avg,0.9569924970059964,0.9572192513368984,0.9570370428522955,374.0
