,precision,recall,f1-score,support
circle,0.8985507246376812,0.8857142857142857,0.8920863309352518,70.0
good,0.963963963963964,0.9727272727272728,0.9683257918552037,220.0
low_level,1.0,0.9880952380952381,0.9940119760479043,84.0
accuracy,0.9598930481283422,0.9598930481283422,0.9598930481283422,0.9598930481283422
macro avg,0.954171562867215,0.9488455988455988,0.9514746996127865,374.0
weighted avg,0.9598144994564431,0.9598930481283422,0.9598254635337872,374.0
